{
	"info": {
		"_postman_id": "5b3eaf47-eada-41dd-8453-194115ddbe2c",
		"name": "Functional tests",
		"schema": "https://schema.getpostman.com/json/collection/v2.1.0/collection.json"
	},
	"item": [
		{
			"name": "Negative scenario - pet doesn't exist",
			"event": [
				{
					"listen": "test",
					"script": {
						"exec": [
							"pm.test(\"Status code is 404\", function () {\r",
							"    pm.response.to.have.status(404);\r",
							"});\r",
							"\r",
							"pm.test(\"Verify error message\", function () {\r",
							"    pm.expect(pm.response.text()).to.include(\"Pet not found\");\r",
							"});"
						],
						"type": "text/javascript"
					}
				}
			],
			"request": {
				"auth": {
					"type": "apikey",
					"apikey": [
						{
							"key": "value",
							"value": "special-key",
							"type": "string"
						},
						{
							"key": "key",
							"value": "api-key",
							"type": "string"
						}
					]
				},
				"method": "GET",
				"header": [],
				"url": {
					"raw": "{{baseUrl}}/pet/121289",
					"host": [
						"{{baseUrl}}"
					],
					"path": [
						"pet",
						"121289"
					]
				}
			},
			"response": []
		},
		{
			"name": "Place order",
			"event": [
				{
					"listen": "test",
					"script": {
						"exec": [
							"const response = pm.response.json();\r",
							"\r",
							"pm.test(\"Verify fields returned\", function () {\r",
							"    pm.expect(pm.response.text()).to.include(\"id\", \"petId\", \"quantity\", \"shipDate\", \"status\", \"complete\");\r",
							"});\r",
							"\r",
							"pm.test(\"Status code is 200\", function () {\r",
							"    pm.response.to.have.status(200);\r",
							"});\r",
							"\r",
							"pm.test(\"Verify if order was placed\", function () {\r",
							"    var jsonData = pm.response.json();\r",
							"    pm.expect(jsonData.status).to.eql(\"placed\");\r",
							"});\r",
							"\r",
							""
						],
						"type": "text/javascript"
					}
				}
			],
			"request": {
				"auth": {
					"type": "apikey",
					"apikey": [
						{
							"key": "value",
							"value": "special-key",
							"type": "string"
						},
						{
							"key": "key",
							"value": "api-key",
							"type": "string"
						}
					]
				},
				"method": "POST",
				"header": [],
				"body": {
					"mode": "raw",
					"raw": "{\r\n  \"id\": 9,\r\n  \"petId\": 10,\r\n  \"quantity\": 2,\r\n  \"shipDate\": \"2022-03-04T15:35:53.151Z\",\r\n  \"status\": \"placed\",\r\n  \"complete\": true\r\n}",
					"options": {
						"raw": {
							"language": "json"
						}
					}
				},
				"url": {
					"raw": "{{baseUrl}}/store/order",
					"host": [
						"{{baseUrl}}"
					],
					"path": [
						"store",
						"order"
					]
				}
			},
			"response": []
		}
	]
}