{
	"info": {
		"_postman_id": "2f4b3f88-45dd-40f0-85b8-945b94b02bcd",
		"name": "Secuirty tests",
		"schema": "https://schema.getpostman.com/json/collection/v2.1.0/collection.json"
	},
	"item": [
		{
			"name": "Authentication - correct api-key",
			"event": [
				{
					"listen": "test",
					"script": {
						"exec": [
							"pm.test(\"Status code is 200\", function () {\r",
							"    pm.response.to.have.status(200);\r",
							"});"
						],
						"type": "text/javascript"
					}
				}
			],
			"request": {
				"auth": {
					"type": "apikey",
					"apikey": [
						{
							"key": "value",
							"value": "special-key",
							"type": "string"
						},
						{
							"key": "key",
							"value": "api-key",
							"type": "string"
						}
					]
				},
				"method": "GET",
				"header": [
					{
						"key": "username",
						"value": "user",
						"type": "text"
					},
					{
						"key": "password",
						"value": "password",
						"type": "text"
					}
				],
				"url": {
					"raw": "{{baseUrl}}/user/login?",
					"host": [
						"{{baseUrl}}"
					],
					"path": [
						"user",
						"login"
					],
					"query": [
						{
							"key": "",
							"value": null
						}
					]
				}
			},
			"response": []
		},
		{
			"name": "Authentication - incorrect api-key",
			"event": [
				{
					"listen": "prerequest",
					"script": {
						"exec": [
							""
						],
						"type": "text/javascript"
					}
				},
				{
					"listen": "test",
					"script": {
						"exec": [
							"pm.test(\"Status code is 400\", function () {\r",
							"  pm.response.to.have.status(400);\r",
							"});"
						],
						"type": "text/javascript"
					}
				}
			],
			"protocolProfileBehavior": {
				"disableBodyPruning": true
			},
			"request": {
				"auth": {
					"type": "apikey",
					"apikey": [
						{
							"key": "value",
							"value": "incorrect-key",
							"type": "string"
						},
						{
							"key": "key",
							"value": "api-key",
							"type": "string"
						}
					]
				},
				"method": "GET",
				"header": [
					{
						"key": "username",
						"value": "user",
						"type": "text"
					},
					{
						"key": "password",
						"value": "password",
						"type": "text"
					}
				],
				"body": {
					"mode": "raw",
					"raw": "",
					"options": {
						"raw": {
							"language": "json"
						}
					}
				},
				"url": {
					"raw": "{{baseUrl}}/user/login?",
					"host": [
						"{{baseUrl}}"
					],
					"path": [
						"user",
						"login"
					],
					"query": [
						{
							"key": "",
							"value": null
						}
					]
				}
			},
			"response": []
		}
	]
}