{
	"info": {
		"_postman_id": "5669087a-60d3-4f3a-a1ba-9cc54822c092",
		"name": "Use case tests - chained requests",
		"schema": "https://schema.getpostman.com/json/collection/v2.1.0/collection.json"
	},
	"item": [
		{
			"name": "Add pet",
			"event": [
				{
					"listen": "test",
					"script": {
						"exec": [
							"var jsonData = JSON.parse(responseBody);\r",
							"pm.collectionVariables.set(\"petId\", jsonData.id);\r",
							"console.log(pm.collectionVariables.get(\"petId\"));\r",
							"\r",
							"pm.test(\"Status code is 200\", function () {\r",
							"    pm.response.to.have.status(200);\r",
							"});\r",
							""
						],
						"type": "text/javascript"
					}
				}
			],
			"request": {
				"auth": {
					"type": "apikey",
					"apikey": [
						{
							"key": "value",
							"value": "special-key",
							"type": "string"
						},
						{
							"key": "key",
							"value": "api-key",
							"type": "string"
						}
					]
				},
				"method": "POST",
				"header": [],
				"body": {
					"mode": "raw",
					"raw": "{\r\n  \"id\": 10,\r\n  \"category\": {\r\n    \"id\": 0,\r\n    \"name\": \"string\"\r\n  },\r\n  \"name\": \"doggie\",\r\n  \"photoUrls\": [\r\n    \"string\"\r\n  ],\r\n  \"tags\": [\r\n    {\r\n      \"id\": 0,\r\n      \"name\": \"string\"\r\n    }\r\n  ],\r\n  \"status\": \"available\"\r\n}",
					"options": {
						"raw": {
							"language": "json"
						}
					}
				},
				"url": {
					"raw": "{{baseUrl}}/pet",
					"host": [
						"{{baseUrl}}"
					],
					"path": [
						"pet"
					]
				}
			},
			"response": []
		},
		{
			"name": "Edit pet",
			"event": [
				{
					"listen": "prerequest",
					"script": {
						"exec": [
							""
						],
						"type": "text/javascript"
					}
				},
				{
					"listen": "test",
					"script": {
						"exec": [
							"pm.test(\"Status code is 200\", function () {\r",
							"    pm.response.to.have.status(200);\r",
							"});"
						],
						"type": "text/javascript"
					}
				}
			],
			"request": {
				"method": "POST",
				"header": [],
				"body": {
					"mode": "urlencoded",
					"urlencoded": [
						{
							"key": "name",
							"value": "doggo3",
							"type": "text"
						},
						{
							"key": "status",
							"value": "edited",
							"type": "text"
						},
						{
							"key": "petId",
							"value": "{{petId}}",
							"type": "text"
						}
					]
				},
				"url": {
					"raw": "{{baseUrl}}/pet/{{petId}}",
					"host": [
						"{{baseUrl}}"
					],
					"path": [
						"pet",
						"{{petId}}"
					]
				}
			},
			"response": []
		},
		{
			"name": "Get Pet",
			"event": [
				{
					"listen": "test",
					"script": {
						"exec": [
							"var jsonData = JSON.parse(responseBody);\r",
							"\r",
							"\r",
							"pm.test(\"Status code is 200\", function () {\r",
							"    pm.response.to.have.status(200);\r",
							"});\r",
							"\r",
							"pm.test(\"Check if name was updated\", function () {\r",
							"    var jsonData = pm.response.json();\r",
							"    pm.expect(jsonData.name).to.eql(\"doggo3\");\r",
							"});\r",
							"\r",
							"pm.test(\"Check if status was changed\", function () {\r",
							"    var jsonData = pm.response.json();\r",
							"    pm.expect(jsonData.status).to.eql(\"edited\");\r",
							"});\r",
							""
						],
						"type": "text/javascript"
					}
				}
			],
			"protocolProfileBehavior": {
				"disableBodyPruning": true
			},
			"request": {
				"auth": {
					"type": "apikey",
					"apikey": [
						{
							"key": "value",
							"value": "special-key",
							"type": "string"
						},
						{
							"key": "key",
							"value": "api-key",
							"type": "string"
						}
					]
				},
				"method": "GET",
				"header": [],
				"body": {
					"mode": "urlencoded",
					"urlencoded": []
				},
				"url": {
					"raw": "{{baseUrl}}/pet/{{petId}}",
					"host": [
						"{{baseUrl}}"
					],
					"path": [
						"pet",
						"{{petId}}"
					],
					"query": [
						{
							"key": "",
							"value": null,
							"disabled": true
						}
					]
				}
			},
			"response": []
		}
	],
	"event": [
		{
			"listen": "prerequest",
			"script": {
				"type": "text/javascript",
				"exec": [
					""
				]
			}
		},
		{
			"listen": "test",
			"script": {
				"type": "text/javascript",
				"exec": [
					""
				]
			}
		}
	],
	"variable": [
		{
			"key": "petId",
			"value": ""
		}
	]
}